row_ref,source,smacc_sku,zid_sku,name_ar,name_en,category,price,sale_price,quantity,weight,weight_unit,short_description_ar,keywords,image_count,images,old_zid_slug,published,flags
3,child,,Z.30547.1717421587892564,"خلاص مجروش نص كيلو - الكرتون","Ground Khalas Dates 500g - Carton",,161.00,,0,6,kg,,,1,https://media.zid.store/271e65fe-c7de-48b5-93c9-a0748ba14b78/8a676028-db0e-42e9-89a9-7c6208454c8f.jpeg,ar-خلاص-نص-كيلو-مجروش-الكرتون,yes,no-smacc-sku
5,child,,Z.30547.1717255062972606,"خلاص أشيقر درجة أولى كيلو - الكرتون","Khalas Ushaiger Grade 1 1kg - Carton",التمور,140.00,,23,8,kg,,,1,https://media.zid.store/271e65fe-c7de-48b5-93c9-a0748ba14b78/e3c5c279-27a0-4899-a8e1-d70e9b26f185.jpg,ar-خلاص-أشيقر-درجة-أولى-كيلو-الكرتون,yes,no-smacc-sku
6,child,,Z.30547.1717255062972250,"خلاص أشيقر درجة أولى كيلو - الحبة","Khalas Ushaiger Grade 1 1kg - Single",التمور,20.00,,199,1,kg,,,1,https://media.zid.store/271e65fe-c7de-48b5-93c9-a0748ba14b78/e3c5c279-27a0-4899-a8e1-d70e9b26f185.jpg,ar-خلاص-أشيقر-درجة-أولى-كيلو-الحبة,yes,no-smacc-sku
8,child,,Z.30547.1717421364052321,"خلاص أشيقر درجة أولى 250 جرام - الحبة","Khalas Ushaiger Grade 1 250g - Single","منتجات متنوعة",5.00,,,0.25,kg,"خلاص درجة أولى جودة عالية ومذاق لذيذ في كل حبة، مثالي لتلبية احتياجاتك اليومية من الطاقة والتغذية حجم العبوة 250 جرام الكرتون يحتوي على 24 عبوة وزن الكرتون 6 كيلو",,2,"https://media.zid.store/271e65fe-c7de-48b5-93c9-a0748ba14b78/b2e58c45-92eb-4dbd-8c82-cb70fc03ce64.png
https://media.zid.store/271e65fe-c7de-48b5-93c9-a0748ba14b78/60ec22fa-961d-4d83-9e13-5f7a3b0b1049.png",ar-خلاص-أشيقر-درجة-أولى-250-جرام-الحبة,yes,"infinite-qty, no-smacc-sku"
9,child,,Z.30547.1717421089803954,"خلاص أشيقر درجة أولى 250 جرام - الكرتون","Khalas Ushaiger Grade 1 250g - Carton","منتجات متنوعة",120.00,100.00,,6,kg,"خلاص درجة أولى جودة عالية ومذاق لذيذ في كل حبة، مثالي لتلبية احتياجاتك اليومية من الطاقة والتغذية حجم العبوة 250 جرام الكرتون يحتوي على 24 عبوة وزن الكرتون 6 كيلو",,2,"https://media.zid.store/271e65fe-c7de-48b5-93c9-a0748ba14b78/b2e58c45-92eb-4dbd-8c82-cb70fc03ce64.png
https://media.zid.store/271e65fe-c7de-48b5-93c9-a0748ba14b78/60ec22fa-961d-4d83-9e13-5f7a3b0b1049.png",ar-خلاص-أشيقر-درجة-أولى-250-جرام-الكرتون,yes,"infinite-qty, no-smacc-sku"
11,child,,Z.30547.158584037414666493,"خلاص أشيقر 500 جرام درجة اولى - كرتون","Khalas Ushaiger Grade 1 500g - Carton",التمور,120.00,,,6,kg,"اختر الجودة والطعم الرائع مع تمور رطاب الفاخرة كرتون تمر خلاص أشيقر درجة اولى حيث يتميز بلونه المميز وحباته الكبيرة عبوة 500 جرام وزن الكرتون 6 كيلو الكرتون يحتوي على 12 عبوة و سعره بـ 138 ريال فقط.","تمور, خلاص , خضري , رطاب , صقعي , ضميد , القصيم , مجروش , عجوة, تمر, مكنوز, رطب , شقراء, مصنع تمور,  اشيقر",2,"https://media.zid.store/271e65fe-c7de-48b5-93c9-a0748ba14b78/476cfa63-0c46-4085-bf02-dc1972476e5c.jpeg
https://media.zid.store/271e65fe-c7de-48b5-93c9-a0748ba14b78/82056653-30b8-4f5a-ab73-1bf35b1a739b.png",خلاص-اشيقر-500-جرام-درجة-اولى-كرتون,yes,"infinite-qty, no-smacc-sku"
12,child,,Z.30547.15858403741460932,"خلاص أشيقر 500 جرام درجة اولى - حبة","Khalas Ushaiger Grade 1 500g - Single",التمور,10.00,,,0.5,kg,"اختر الجودة والطعم الرائع مع تمور رطاب الفاخرة كرتون تمر خلاص أشيقر درجة اولى حيث يتميز بلونه المميز وحباته الكبيرة عبوة 500 جرام وزن الكرتون 6 كيلو الكرتون يحتوي على 12 عبوة و سعره بـ 138 ريال فقط.","تمور, خلاص , خضري , رطاب , صقعي , ضميد , القصيم , مجروش , عجوة, تمر, مكنوز, رطب , شقراء, مصنع تمور,  اشيقر",2,"https://media.zid.store/271e65fe-c7de-48b5-93c9-a0748ba14b78/476cfa63-0c46-4085-bf02-dc1972476e5c.jpeg
https://media.zid.store/271e65fe-c7de-48b5-93c9-a0748ba14b78/82056653-30b8-4f5a-ab73-1bf35b1a739b.png",خلاص-اشيقر-500-جرام-درجة-اولى-حبة,yes,"infinite-qty, no-smacc-sku"
14,child,,Z.30547.158584286869627333,"خلاص اشيقر درجة اولى عبوة 1 كيلو - كرتون","Khalas Ushaiger Grade 1 1kg Pack - Carton",التمور,140.00,,,8,kg,"كرتون تمر خلاص أشيقر درجة اولى منتقى بعناية و لون مميز و حبة كبيرة عبوة 1 كيلو وزن الكرتون 8 كيلو الكرتون يحتوي على 8 عبوات و بسعر مناسب ب 161 ريال بس!","تمور, تصدير, فاخر, خلاص اشيقر, خلاص , رطاب , ملكي, القصيم , مجروش , تمر, مكنوز,  اشيقر",2,"https://media.zid.store/271e65fe-c7de-48b5-93c9-a0748ba14b78/8efe5b69-2650-4df8-9ce9-afd89cfe3fc5.jpg
https://media.zid.store/271e65fe-c7de-48b5-93c9-a0748ba14b78/be841f1c-13ac-4d93-acac-dbd356b3c16d.jpg",خلاص-اشيقر-عبوة-1-كيلو-كرتون,no,"draft, infinite-qty, no-smacc-sku"
15,child,,Z.30547.158584286869565442,"خلاص اشيقر درجة اولى عبوة 1 كيلو - حبة","Khalas Ushaiger Grade 1 1kg Pack - Single",التمور,20.00,,,1,kg,"كرتون تمر خلاص أشيقر درجة اولى منتقى بعناية و لون مميز و حبة كبيرة عبوة 1 كيلو وزن الكرتون 8 كيلو الكرتون يحتوي على 8 عبوات و بسعر مناسب ب 161 ريال بس!","تمور, تصدير, فاخر, خلاص اشيقر, خلاص , رطاب , ملكي, القصيم , مجروش , تمر, مكنوز,  اشيقر",2,"https://media.zid.store/271e65fe-c7de-48b5-93c9-a0748ba14b78/8efe5b69-2650-4df8-9ce9-afd89cfe3fc5.jpg
https://media.zid.store/271e65fe-c7de-48b5-93c9-a0748ba14b78/be841f1c-13ac-4d93-acac-dbd356b3c16d.jpg",خلاص-اشيقر-عبوة-1-كيلو-حبة,no,"draft, infinite-qty, no-smacc-sku"
17,child,,Z.30547.158583971780145483,"خلاص القصيم درجة اولى 500 جرام - كرتون","Khalas Qassim Grade 1 500g - Carton",التمور,120.00,100.00,0,6,kg,"اختر الجودة والطعم الرائع مع تمور رطاب الفاخرة كرتون تمر خلاص القصيم درجة اولى حيث يتميز بلونه المميز وحباته الكبيرة عبوة 500 جرام وزن الكرتون 6 كيلو الكرتون يحتوي على 12 عبوة و سعره بـ 168 ريال فقط.","صقعي, خلاص , رطاب , تصدير تمور, القصيم , رشودية, مجروش , جلكسي, عجوة, مفتل , سكري , تمر, مكتومي, مكبوس, رطب , شقراء, أشيقر",2,"https://media.zid.store/271e65fe-c7de-48b5-93c9-a0748ba14b78/323f17aa-9000-45e1-8333-9aafc472d1d1.jpeg
https://media.zid.store/271e65fe-c7de-48b5-93c9-a0748ba14b78/41e5a820-9150-43b6-be8c-5e26d4ef97c3.png",خلاص-القصيم-درجة-اولى-500-جرام-كرتون,yes,no-smacc-sku
18,child,,Z.30547.15858397178008182,"خلاص القصيم درجة اولى 500 جرام - حبة","Khalas Qassim Grade 1 500g - Single",التمور,10.00,,0,0.5,kg,"اختر الجودة والطعم الرائع مع تمور رطاب الفاخرة كرتون تمر خلاص القصيم درجة اولى حيث يتميز بلونه المميز وحباته الكبيرة عبوة 500 جرام وزن الكرتون 6 كيلو الكرتون يحتوي على 12 عبوة و سعره بـ 168 ريال فقط.","صقعي, خلاص , رطاب , تصدير تمور, القصيم , رشودية, مجروش , جلكسي, عجوة, مفتل , سكري , تمر, مكتومي, مكبوس, رطب , شقراء, أشيقر",2,"https://media.zid.store/271e65fe-c7de-48b5-93c9-a0748ba14b78/323f17aa-9000-45e1-8333-9aafc472d1d1.jpeg
https://media.zid.store/271e65fe-c7de-48b5-93c9-a0748ba14b78/41e5a820-9150-43b6-be8c-5e26d4ef97c3.png",خلاص-القصيم-درجة-اولى-500-جرام-حبة,yes,no-smacc-sku
19,simple,,Z.30547.17157789288551457,"تمرية ميني","Mini Tamriyah",البوكسات,20.00,,,,kg,"بوكس تمرية ميني طرية مزينة بحبات السمسم والاوريو و جوز الهند والبسكويت بمذاق فاخر وجودة عالية",,2,"https://media.zid.store/271e65fe-c7de-48b5-93c9-a0748ba14b78/203985f6-4911-4d8f-a357-45f3450f8088.jpg
https://media.zid.store/271e65fe-c7de-48b5-93c9-a0748ba14b78/7f94822d-5a43-4b41-8943-b3c04feccd56.jpg",تمرية-ميني,yes,"infinite-qty, no-smacc-sku"
20,simple,,Z.30547.17121020975311797,"مقلوبة التمر","Date Maqluba","منتجات متنوعة",43.00,,,700,g,"طبقات البسكوت والمكسرات والطحينة مع التمر السكري، لتغير لكم المقلوبة مفهومك لتقديم التمر!",,2,"https://media.zid.store/271e65fe-c7de-48b5-93c9-a0748ba14b78/c0779556-050c-49f2-8263-7a85cdb08e01.jpg
https://media.zid.store/271e65fe-c7de-48b5-93c9-a0748ba14b78/5d6c1454-5c42-461d-9b70-648e38506ec3.jpg",مقلوبة,yes,"infinite-qty, no-smacc-sku"
21,simple,,Z.30547.1711656730776861,"شابورة رطاب","Retab Rusk","منتجات متنوعة",15.00,,,,kg,"شابورة رطاب هشة وخفيفة وصحية ورطاب يرضيكم بالنكهة اللي تحب محلاة بالدبس تصلح لكل وقت أو بالزعفران أو الأصلي المقرمش لا تفوتك القرمشة",,3,"https://media.zid.store/271e65fe-c7de-48b5-93c9-a0748ba14b78/52a26550-2964-46e2-9239-9c161778efa9.jpg
https://media.zid.store/271e65fe-c7de-48b5-93c9-a0748ba14b78/8f9a5547-1d1e-4e6e-92df-b9cc7cfb13ba.jpg
https://media.zid.store/271e65fe-c7de-48b5-93c9-a0748ba14b78/1cfd1aff-70de-4065-a555-c86d00b74ecd.jpg",شابورة-رطاب,no,"draft, infinite-qty, no-smacc-sku"
22,simple,,Z.30547.16769126864057627,"خلاص درجة أولى بالشمر","Grade 1 Khalas with Fennel",التمور,8.70,,0,500,g,"خلاص درجة أولى مضاف اليه الشمر وزن العبوة 500 جرام تقريباً الكرتون يحتوي على 12 عبوة","تمور, خلاص مجروش, خلاص اشيقر, خلاص بالشمر , درجة اولى, خلاص , رطاب , مجروش , شمر, خلاص الوادي, خلاص الخرج, خلاص الحساء, تمر, مكبوس, مكنوز, رطب , خلاص القصيم, تمر خلاص, رطاب للتمور, اشيقر",2,"https://media.zid.store/271e65fe-c7de-48b5-93c9-a0748ba14b78/e412b03c-eab2-469e-9629-d6ed13cfd855.jpg
https://media.zid.store/271e65fe-c7de-48b5-93c9-a0748ba14b78/691312a7-9181-4cd2-8e62-4a9f6b4b894c.jpg",Khalas-with-fennel,yes,"check-price, no-smacc-sku"
23,simple,,Z.30547.16769123419704826,"صينية تمر محشي","Stuffed Dates Tray","التمور المحشية",161.00,,7,1.5,kg,"صينية تمر محشي فاخر بعدة حشوات ( لوتس - هيل - زعفران - طحينة - طحينية - ورد - توفي ) وزن الصينية 1500 جرام تقريباً مناسب للإهداء والمناسبات","تمور, محشي, توفي, سكري محشي, تمر محشي, سكري , تمر, طحينة, لوتس, لوت, محاشي, طحينية",2,"https://media.zid.store/271e65fe-c7de-48b5-93c9-a0748ba14b78/827d6123-7784-4353-b95b-e5d073f6de43.jpg
https://media.zid.store/271e65fe-c7de-48b5-93c9-a0748ba14b78/407a3d4a-1184-4a3d-9d74-191c33eee511.jpg",Tray-dates-stuffed,yes,no-smacc-sku
24,simple,,Z.30547.16769104465823839,"دبس التمر عصار","Assar Date Molasses","منتجات متنوعة",11.30,,11,500,g,"دبس التمر تأتيك في علبة عصار تتميز بطعم طبيعي و مميز وهو بديل رائع للسكر تضفي لمسة سحرية لحلوياتك وأطباقك","تمور, دبس تمر, دبس التمر, تمر, دبس",1,https://media.zid.store/271e65fe-c7de-48b5-93c9-a0748ba14b78/b7f2f29d-8ac5-4d55-ba75-1160a35d3b76.jpg,Molasses-dates-juice,yes,"check-price, no-smacc-sku"
25,simple,,Z.30547.16769099896211338,"طحينة عصار","Assar Tahini","منتجات متنوعة",11.30,,,500,g,"تجربة لذيذة تمزج بين نكهة السمسم الغنية وطعم الفول السوداني الرائع! اكتشف اللذة في كل تغميسة","طحينة سايله, طحينة, طحينة تمر, طحينة سائلة",1,https://media.zid.store/271e65fe-c7de-48b5-93c9-a0748ba14b78/c6e24b0f-8568-4277-99cb-00339e383628.jpg,Tahini-juice,yes,"check-price, infinite-qty, no-smacc-sku"
26,simple,,Z.30547.16768270964931567,"بوكس تمر محشي مشكل","Assorted Stuffed Dates Box","التمور المحشية",69.00,,0,800,g,"بوكس بتشكيلة متنوعة من حشوات التمر بنكهات مميزة، بالإضافة إلى مجموعة من المعمول الهش اختر هذا البوكس لتجربة لذيذة ترضي جميع الأذواق.","محشي, سكري محشي, تمر محشي, معمول تمر, معمول, معمول جوز, سكري , تمر, معمول فستق, بوكس",2,"https://media.zid.store/271e65fe-c7de-48b5-93c9-a0748ba14b78/78ddb244-b2c0-47b3-9a06-9677f780d034.jpg
https://media.zid.store/271e65fe-c7de-48b5-93c9-a0748ba14b78/26be7b6e-5299-4266-9dda-2883c399b9f8.jpg",Box-stuffed-dates-mix,yes,no-smacc-sku
27,simple,,Z.30547.16636092541589084,"عرض سكري مفتل فاخر","Premium Rolled Sukkari Offer",,161.00,,100,3,kg,,"تمور, عرض الوطن, مفتل , سكري , تمر, عرض اليوم الوطني, عرض, اليوم الوطني, تمر فله",1,https://media.zid.store/271e65fe-c7de-48b5-93c9-a0748ba14b78/b580a5dd-8701-4f20-b97d-1a42aa972309.jpg,عرض-سكري-مفتل-فاخر,no,"draft, no-smacc-sku"
28,simple,,Z.30547.16636090668555627,"عرض خلاص درجة أولى","Grade 1 Khalas Offer",,140.00,,9,,kg,,,1,https://media.zid.store/271e65fe-c7de-48b5-93c9-a0748ba14b78/4af28f6c-0f0b-46df-bee5-cc85cc7dfdff.jpg,عرض-خلاص-درجة-أولى,no,"draft, no-smacc-sku"
29,simple,,Z.30547.16431267774074616,"بوكس التمرة الذهبية","Golden Date Box","التمور المحشية",100.00,,0,700,g,"بوكس مميز يحتوي على : تمر سكري محشي بعدة نكهات مختلفة مغلف بالحبة يتم تحضيره بشكل يومي ليصلك طازج ويبهرك بمذاقه اللذيذ. أنواع الحشوات ( لوتس - توفي - بسكوت وطحينة - جوزالهند - فستق )","سكري محشي, تمر محشي, رطاب , تمر مغلف بالحبة, سكري فاخر, التمره الذهبية, تمر بالشوكولاتة, سكري مغلف بالحبة, رطاب للتمور",3,"https://media.zid.store/271e65fe-c7de-48b5-93c9-a0748ba14b78/da6b5fb3-374e-4320-8ed4-94e14584914d.jpg
https://media.zid.store/271e65fe-c7de-48b5-93c9-a0748ba14b78/05941625-8ffc-4a12-831d-c0a7197cb35c.jpg
https://media.zid.store/271e65fe-c7de-48b5-93c9-a0748ba14b78/41e2098c-ba1d-4055-845b-999ffdcf3abe.jpg",-box-dates-gold,yes,no-smacc-sku
30,simple,,Z.30547.16396476977431521,"معمول تمر بالكيلو","Date Maamoul (per kg)","منتجات متنوعة",25.00,,32,1,kg,"معمول التمر بنكهاته المختلفة المميزة لترضي جميع الأذواق ( القرفة - الحبة السوداء -الشوكولاتة - جوز الهند ) اطلب الان","معمول تمر, معمول",1,https://media.zid.store/271e65fe-c7de-48b5-93c9-a0748ba14b78/36283607-e6f8-499c-a431-0f689f956a23.jpg,معمول-تمر-بالكيلو,yes,no-smacc-sku
31,simple,,Z.30547.1639645584382824,"قدوع رطاب بالكراميل المملح","Retab Qadou with Salted Caramel","التمور المحشية",20.00,,0,500,g,"طعم فريد يجمع بين حلاوة التمر السكري أو الخلاص ونكهة المكسرات مع لمسة مميزة من الكراميل المملح لذيذة، مغذية، ومثالية لكل مناسبة!","تمور, رطاب , قدوع, كراميل مملح, سكري",2,"https://media.zid.store/271e65fe-c7de-48b5-93c9-a0748ba14b78/e9e6bc70-aa34-4df5-8663-513cd0e9436d.jpg
https://media.zid.store/271e65fe-c7de-48b5-93c9-a0748ba14b78/34d380f6-4c3c-4dbd-8038-2c9ae6acd786.jpg",قدوع-رطاب-بالكراميل-المملح,yes,no-smacc-sku
32,simple,RETAB076,RETAB076,"بوكس مكسرات مشكل","Assorted Nuts Box",البوكسات,100.00,,10,0.5,kg,"مجموعة مميزة من النكهات مع بوكس المكسرات الرائعة، يضم 6 أنواع متنوعة: السادة، المغطى بالشوكولاتة، والمغطى بالكراميل خيار مثالي لمشاركتها مع الأصدقاء والعائلة في أي وقت",,2,"https://media.zid.store/271e65fe-c7de-48b5-93c9-a0748ba14b78/b105fa5f-b37c-43ab-a48f-74446d0a5de1.png
https://media.zid.store/271e65fe-c7de-48b5-93c9-a0748ba14b78/3164d911-82ab-45f7-8b15-e1c5204d9327.png",RETAB076,yes,
33,simple,RETAB073,RETAB073,"سكري القصيم مفتل vip","Sukkari Qassim Rolled VIP",التمور,160.00,,,3,kg,"سكري القصيم مفتل درجة أولى ذو حبات متناسقة الحجم وجميلة اللون وزن الكرتون 3 كيلو يحفظ مبرد وينقل فقط مبرد (يرجى اختيار الشحن المبرد)",,2,"https://media.zid.store/271e65fe-c7de-48b5-93c9-a0748ba14b78/48d451b7-88c4-44ba-8794-08a537930c12.png
https://media.zid.store/271e65fe-c7de-48b5-93c9-a0748ba14b78/8598dd4a-84bf-491e-a1e1-7400959cfad5.png",Sukari-Mufattal-N1,no,"draft, infinite-qty"
34,simple,RETAB072,RETAB072,"قهوة نجدية","Najdi Coffee","منتجات متنوعة",40.00,,,0.4,kg,"استمتع بتجربة القهوة الفاخرة مع قهوة هرري المحمصة بإتقان، مع زعفران نقيل جودة عالية لمذاق مميز واستثنائي. وزن العبوة الصافي 400 جرام اطلبها وكيّف صح!",,2,"https://media.zid.store/271e65fe-c7de-48b5-93c9-a0748ba14b78/6ba71c36-270c-4c0f-880e-42989e7df825.png
https://media.zid.store/271e65fe-c7de-48b5-93c9-a0748ba14b78/a91905b0-01c2-467f-8e59-196a1f347c36.png",Najdi-coffee,yes,infinite-qty
36,child,RETAB0713,RETAB0713,"تقديمات للتمر - ذهبي","Date Serving Set - Gold",البوكسات,1.74,,,0.02,kg,"عبوة تقديم مميزة من رطاب، كرتون قابل للتعليق مقاس 4.5سم × 4.5سم (القاعدة4×4سم) ارتفاع مع التعليقة 4.5سم (داخلي 3.5سم) يمكن معرفة قياس السلة أو الصحن الذي سيتم التقديم به لمعرفة عدد العبوات المطلوبةا",,1,https://media.zid.store/271e65fe-c7de-48b5-93c9-a0748ba14b78/04391634-2989-4121-b3c2-89bc596a7115.png,ar-تقديمات-للتمر-ذهبي,yes,"check-price, infinite-qty"
37,child,RETAB0712,RETAB0712,"تقديمات للتمر - فضي","Date Serving Set - Silver",البوكسات,1.74,,,0.02,kg,"عبوة تقديم مميزة من رطاب، كرتون قابل للتعليق مقاس 4.5سم × 4.5سم (القاعدة4×4سم) ارتفاع مع التعليقة 4.5سم (داخلي 3.5سم) يمكن معرفة قياس السلة أو الصحن الذي سيتم التقديم به لمعرفة عدد العبوات المطلوبةا",,1,https://media.zid.store/271e65fe-c7de-48b5-93c9-a0748ba14b78/07e455c2-4520-4a22-ba26-edf9fa106bfb.png,ar-تقديمات-للتمر-فضي,yes,"check-price, infinite-qty"
38,child,RETAB0714,RETAB0714,"تقديمات للتمر - مشكل كل الألوان","Date Serving Set - Assorted Colors",البوكسات,1.74,,,0.02,kg,"عبوة تقديم مميزة من رطاب، كرتون قابل للتعليق مقاس 4.5سم × 4.5سم (القاعدة4×4سم) ارتفاع مع التعليقة 4.5سم (داخلي 3.5سم) يمكن معرفة قياس السلة أو الصحن الذي سيتم التقديم به لمعرفة عدد العبوات المطلوبةا",,1,https://media.zid.store/271e65fe-c7de-48b5-93c9-a0748ba14b78/17d02e7c-65c3-48ff-93ac-5417eba666a2.png,ar-تقديمات-للتمر-مشكل-كل-الألوان,yes,"check-price, infinite-qty"
40,child,,Z.30547.160735991638755322,"سكري القصيم مكنوز فاخر - كرتون","Premium Pressed Sukkari Qassim - Carton",التمور,200.00,,,8,kg,"سكري مكنوز فاخر بعرض خاص الكرتون يحتوي على 8 عبوات وزن العبوة 1 كيلو جودة التمر فاخر","رطاب , صقعي , القصيم , فله, سكري , تمر, مكنوز, سكري القصيم, سكري مجروش",2,"https://media.zid.store/271e65fe-c7de-48b5-93c9-a0748ba14b78/3330ef7c-a25e-48bc-909e-a84a0d26ab25.png
https://media.zid.store/271e65fe-c7de-48b5-93c9-a0748ba14b78/d1f9de96-c9b8-4efe-9ab8-c5654ef19ba7.png",سكري-مكنوز-فاخر-كرتون,yes,"infinite-qty, no-smacc-sku"
41,child,,Z.30547.160735986349065142,"سكري القصيم مكنوز فاخر - حبة","Premium Pressed Sukkari Qassim - Single",التمور,25.00,,,1,kg,"سكري مكنوز فاخر بعرض خاص الكرتون يحتوي على 8 عبوات وزن العبوة 1 كيلو جودة التمر فاخر","رطاب , صقعي , القصيم , فله, سكري , تمر, مكنوز, سكري القصيم, سكري مجروش",2,"https://media.zid.store/271e65fe-c7de-48b5-93c9-a0748ba14b78/3330ef7c-a25e-48bc-909e-a84a0d26ab25.png
https://media.zid.store/271e65fe-c7de-48b5-93c9-a0748ba14b78/d1f9de96-c9b8-4efe-9ab8-c5654ef19ba7.png",سكري-مكنوز-فاخر-حبة,yes,"infinite-qty, no-smacc-sku"
42,simple,,Z.30547.15942836664442923,"خلاص يدوي مجروش","Hand-Ground Khalas",التمور,25.00,,,1,kg,"تمر خلاص يدوي مجروش، جودة فاخرة بوزن 1 كيلو من التمور الطبيعية الرائعة بطعم لذيذ ومميز","تمور, تمر خلاص أشيقر, خلاص يدوي مجروش,  تمر خلاص يدوي مجروش, رطاب , تمر خالص , متجر رطاب للتمور, متجر رطاب, تمر",1,https://media.zid.store/271e65fe-c7de-48b5-93c9-a0748ba14b78/54ef0402-252a-4c13-981b-9a663498c22a.jpeg,خلاص-يدوي-مجروش,yes,"infinite-qty, no-smacc-sku"
44,child,,Z.30547.158870323657184553,"خلاص القصيم مجروش درجة اولى 1 كيلو - كرتون","Ground Khalas Qassim Grade 1 1kg - Carton",التمور,160.00,,0,8,kg,"كرتون تمر خلاص القصيم درجة آولى - عبوة 1 كيلو- وزن الكرتون 8 كيلو- لون مميز - مجروش - حبه درجة اولى الكرتون يحتوي على 8 عبوات و سعره ب 168 ريال","تمور, خلاص , متجر تمور, مجروش , متجر رطاب, تمر, خلاص القصيم",2,"https://media.zid.store/271e65fe-c7de-48b5-93c9-a0748ba14b78/eb680202-c32c-4e16-a123-8d0633f9907f.png
https://media.zid.store/271e65fe-c7de-48b5-93c9-a0748ba14b78/90498276-e926-46a5-9cdc-f33cc9397c2d.png",خلاص-القصيم-مجروش-درجة-اولى-1-كيلو-كرتون,no,"draft, no-smacc-sku"
45,child,,Z.30547.158870323657127482,"خلاص القصيم مجروش درجة اولى 1 كيلو - حبة","Ground Khalas Qassim Grade 1 1kg - Single",التمور,20.00,,0,1,kg,"كرتون تمر خلاص القصيم درجة آولى - عبوة 1 كيلو- وزن الكرتون 8 كيلو- لون مميز - مجروش - حبه درجة اولى الكرتون يحتوي على 8 عبوات و سعره ب 168 ريال","تمور, خلاص , متجر تمور, مجروش , متجر رطاب, تمر, خلاص القصيم",2,"https://media.zid.store/271e65fe-c7de-48b5-93c9-a0748ba14b78/eb680202-c32c-4e16-a123-8d0633f9907f.png
https://media.zid.store/271e65fe-c7de-48b5-93c9-a0748ba14b78/90498276-e926-46a5-9cdc-f33cc9397c2d.png",خلاص-القصيم-مجروش-درجة-اولى-1-كيلو-حبة,no,"draft, no-smacc-sku"
46,simple,,Z.30547.15875837173925607,"خلاص إفطار صائم","Khalas Iftar Pack",,35.00,,,0.05,kg,,"تمور, خلاص , رطاب , صائم, متجر, كرتون, إفطار, متجر رطاب, تمر",4,"https://media.zid.store/271e65fe-c7de-48b5-93c9-a0748ba14b78/775c7828-21c8-4d78-99df-48c3c02e9d19.jpeg
https://media.zid.store/271e65fe-c7de-48b5-93c9-a0748ba14b78/3da34cc9-aa8a-4219-ba3e-7a1a22f91195.jpeg
https://media.zid.store/271e65fe-c7de-48b5-93c9-a0748ba14b78/7f0c1663-8c9c-436c-8ebd-999dfd2f93e0.jpeg
https://media.zid.store/271e65fe-c7de-48b5-93c9-a0748ba14b78/b1aeba59-82e1-4a39-b17b-6cc12cbaf2e4.jpeg",خلاص-إفطار-صائم,no,"draft, infinite-qty, no-smacc-sku"
47,simple,,Z.30547.15875550044312797,"سكري مفتل درجة اولى","Grade 1 Rolled Sukkari",التمور,120.00,,,3,kg,"تمر سكري القصيم مفتل درجة VIP يأتي في كرتون وزنه 3 كيلو يتميز هذا التمر بحجم حبته الكبيرة ولونه الأصفر خيارك المثالي في مناسباتك.","تمور, رطاب , سكري رطب, اطياب, متجر, جلكسي, سكري جلكسي, مفتل , سكري , اطايب, تمر, رطب ,  سكري مفتل , سكري القصيم",3,"https://media.zid.store/271e65fe-c7de-48b5-93c9-a0748ba14b78/1fcd72be-c04f-446a-8cd6-b526378646a1.jpeg
https://media.zid.store/271e65fe-c7de-48b5-93c9-a0748ba14b78/fb11f84f-0849-4a61-a86d-a0de57cda13c.jpeg
https://media.zid.store/271e65fe-c7de-48b5-93c9-a0748ba14b78/b75df268-341f-401a-a42e-5860aa963dbc.jpeg",سكري-مفتل-vip-٣-كيلو,yes,"infinite-qty, no-smacc-sku"
48,simple,,Z.30547.15855017939888883,"خلاص اشيقر درجة اولى 1 كيلو","Khalas Ushaiger Grade 1 1kg",,240.00,,,16,kg,,"تمور, التمور السعودية, تمر خلاص مجروش, تجارة التمور, أسعار التمور بالجملة, رطاب , مجروش , تمر المدينة, تمر, تمر الصقعي, تمر بالجملة, تمور السعودية, خلاص أشيقر, تمر خلاص,  عرض ,  خلاص , أشيقر",1,https://media.zid.store/271e65fe-c7de-48b5-93c9-a0748ba14b78/fc80eb65-7af5-4204-8598-d01d1498d375.jpeg,خلاص-اشيقر-درجة-اولى-1-كيلو,no,"draft, infinite-qty, no-smacc-sku"
49,simple,,Z.30547.1585257119055976,"خلاص اشيقر درجة اولى 250 جرام","Khalas Ushaiger Grade 1 250g",,240.00,,,18,kg,,"تمور, تمر السعودية, خلاص , محثرب , عروض, مجروش , للتمور,  القصيم , متجر, متجر رطاب, مكنوز,  فاخر, عرض, أشيقر",1,https://media.zid.store/271e65fe-c7de-48b5-93c9-a0748ba14b78/378ab159-403f-4876-8d49-c7f525e683cb.jpeg,خلاص-اشيقر-درجة-اولى-250-جرام,no,"draft, infinite-qty, no-smacc-sku"
50,simple,,Z.30547.1579204369032504,"عنبرة المدينة فله فاخر","Anbara Madinah Premium Select",التمور,50.00,,25,,,"يتم جلبها من مزارع المدينة المنوره و تخضع لمراحل تنظيف ثم فرز و تنقية و تعقيم لتصلكم بجودة عالية وزن الكيس 1 كيلو","تمور, رطاب , عنبره, المدينه , متجر, فله, عجوة, مفتل , تمر, المدينة",2,"https://media.zid.store/271e65fe-c7de-48b5-93c9-a0748ba14b78/6f3fc53c-597e-4fc4-a040-31e101dbaa4d.jpeg
https://media.zid.store/271e65fe-c7de-48b5-93c9-a0748ba14b78/a278c5bf-595d-44e8-bd26-82db6ac0d41f.jpeg",عنبرة-المدينة-فله-فاخر,no,"draft, no-smacc-sku"
51,simple,,Z.30547.15792040391669023,"صفاوي المدينة فله فاخر","Safawi Madinah Premium Select",التمور,30.00,,0,,,"يتم جلبها من مزارع المدينة المنورة و تخضع لمراحل تنظيف ثم فرز و تنقية و تعقيم لتصلكم بجودة عالية وزن الكيس 1 كيلو","تصدير,  المدينة ,  تمور , صفاوي, تمر",2,"https://media.zid.store/271e65fe-c7de-48b5-93c9-a0748ba14b78/05c9b6ef-1cfd-4d31-abbb-d46ab3602592.jpeg
https://media.zid.store/271e65fe-c7de-48b5-93c9-a0748ba14b78/566dc69b-1e03-4283-baab-a30bea5f440d.jpeg",صفاوي-المدينة-فله-فاخر,yes,no-smacc-sku
52,simple,,Z.30547.1579203765863744,"عجوة المدينة فله فاخر","Ajwa Madinah Premium Select",التمور,80.00,,,,,"منتقى بعناية من مزارع المدينة المنورة و تخضع لمراحل تنظيف ثم فرز و تنقية و تعقيم لتصلكم بجودة عالية. وزن الكيس 1 كيلو.","المدينه , مصنع رطاب,  تمور ,  رطاب , متجر رطاب للتمور, عجوة, متجر رطاب, تمر, المدينة,  عجوه , تمره",2,"https://media.zid.store/271e65fe-c7de-48b5-93c9-a0748ba14b78/35f76562-ec62-4772-9096-9e1d3f3b7680.jpeg
https://media.zid.store/271e65fe-c7de-48b5-93c9-a0748ba14b78/1ffc5982-2caa-4fe0-8cc1-4bb7bb554212.jpeg",عجوة-المدينة-فله-فاخر,yes,"infinite-qty, no-smacc-sku"
54,child,,Z.30547.158584023643371753,"خلاص أشيقر درجة أولى وزن 250 جرام - كرتون","Khalas Ushaiger Grade 1 250g - Carton",التمور,69.00,,,3,kg,"اختر الجودة والطعم الرائع مع تمور رطاب الفاخرة كرتون تمر خلاص أشيقر درجة اولى حيث يتميز بلونه المميز وحباته الكبيرة عبوة 250 جرام وزن الكرتون 6 كيلو الكرتون يحتوي على 24 عبوة و سعره بـ 138 ريال فقط.","تمور, مجدول, تصدير, خلاص اشيقر, خلاص , خضري , رطاب , التمور, القصيم , جلكسي, سكري , تمر, رطب , خلاص القصيم, أشيقر",2,"https://media.zid.store/271e65fe-c7de-48b5-93c9-a0748ba14b78/30550e8b-e9d4-4929-bc7e-f48fd617285d.jpeg
https://media.zid.store/271e65fe-c7de-48b5-93c9-a0748ba14b78/75667758-b1f7-4009-a401-14c577f649d4.jpeg",خلاص-أشيقر-درجة-آولى-وزن-250-جرام-كرتون,yes,"infinite-qty, no-smacc-sku"
55,child,,Z.30547.15858402364331682,"خلاص أشيقر درجة أولى وزن 250 جرام - حبة","Khalas Ushaiger Grade 1 250g - Single",التمور,5.75,,,0.25,kg,"اختر الجودة والطعم الرائع مع تمور رطاب الفاخرة كرتون تمر خلاص أشيقر درجة اولى حيث يتميز بلونه المميز وحباته الكبيرة عبوة 250 جرام وزن الكرتون 6 كيلو الكرتون يحتوي على 24 عبوة و سعره بـ 138 ريال فقط.","تمور, مجدول, تصدير, خلاص اشيقر, خلاص , خضري , رطاب , التمور, القصيم , جلكسي, سكري , تمر, رطب , خلاص القصيم, أشيقر",2,"https://media.zid.store/271e65fe-c7de-48b5-93c9-a0748ba14b78/30550e8b-e9d4-4929-bc7e-f48fd617285d.jpeg
https://media.zid.store/271e65fe-c7de-48b5-93c9-a0748ba14b78/75667758-b1f7-4009-a401-14c577f649d4.jpeg",خلاص-أشيقر-درجة-آولى-وزن-250-جرام-حبة,yes,"infinite-qty, no-smacc-sku"
56,simple,1040000033-2,1040000033-2,"مجدول فاخر","Premium Medjool",التمور,75.00,,0,1.5,kg,"تمر مجدول يصنف من التمور الفاخرة ومعتدلة السكر و يتميز بحبته الكبيرة وقيمته الغذائية العالية. خيار مناسب للاهداء بديل للحلويات. وزن الكرتون 1.5 كيلو","مجدول, فاخر, خلاص , خضري , صقعي , ملكي, عجوة, مفتل , صفاوي, مبروم",2,"https://media.zid.store/271e65fe-c7de-48b5-93c9-a0748ba14b78/dc83000e-7bb9-44b3-9779-0d779ce4c02c.jpeg
https://media.zid.store/271e65fe-c7de-48b5-93c9-a0748ba14b78/49c6caf9-bf4a-4946-a640-8af0f39279e4.jpeg",مجدول-فاخر,yes,
57,simple,,Z.30547.15792021328705814,"سكري درجة اولى كرتون ١،٥٠٠ كيلو","Grade 1 Sukkari 1.5kg - Carton",التمور,56.52,,,1.5,kg,"اختر الجودة والطعم الرائع مع تمور رطاب الفاخرة كرتون تمر سكري درجة اولى الكرتون 1.5 كيلو","تمور, تصدير, فاخر, صقعي , ملكي, القصيم , مجروش , الخرج, جلكسي, مفتل , سكري , تمر, رطب , مبروم, اشيقر",2,"https://media.zid.store/271e65fe-c7de-48b5-93c9-a0748ba14b78/4b2d93c0-ba1a-468f-9892-8de00cd38d64.jpeg
https://media.zid.store/271e65fe-c7de-48b5-93c9-a0748ba14b78/80e0fb4d-68c9-4b0a-80e7-2725d2ec396d.png",سكري-درجة-اولى-كرتون-١٥٠٠-كيلو,yes,"check-price, infinite-qty, no-smacc-sku"
58,simple,07000330,07000330,اقط,"Aqit (Dried Yogurt)","منتجات متنوعة",40.00,,,,,"استمتع بجودة المنتجات الطبيعية مع المضير أو الاقط من ألبان الماعز ، حيث يتميز بمذاقه الرائع والغني بالعناصر الغذائية الضرورية مثل الكالسيوم والفيتامينات","الاقط, بقل, جميد, حثي, اقط , إقط, المضير, مضير, البقل",1,https://media.zid.store/271e65fe-c7de-48b5-93c9-a0748ba14b78/4da89b3b-910f-4b7c-bc8d-0983783a484b.jpeg,اقط,yes,"infinite-qty, check-name"
59,simple,505000098,505000098,"بوكس خشبي صقعي فاخر","Premium Sagai Wooden Box","التمور المحشية",120.00,,0,,,"أسعد أحبابك بالفخامة والذوق الرفيع مع هذا الهدية الرائعة يحتوي على صقعي فاخر في بوكس هدايا خشبي يضفي لمسة من الرقي والجمال على أي مناسبة خاصة.","محشي, خلاص , زوارة, مناسبة, صقعي , مناسبات, جمعات, سكري , حفله, بوكس, هدايا",2,"https://media.zid.store/271e65fe-c7de-48b5-93c9-a0748ba14b78/3b701d59-6600-4a74-8539-6379a2c226a0.jpeg
https://media.zid.store/271e65fe-c7de-48b5-93c9-a0748ba14b78/e18be75a-9181-4376-b20b-671a6a5b443f.jpeg",بوكس-خشبي-صقعي-فاخر,no,draft
60,simple,802000078,802000078,"بوكس سكري محشي بالكريمة","Sukkari Box Stuffed with Cream","التمور المحشية",69.00,,,750,g,"استمتع بتجربة لا تُنسى مع تمر سكري محشي بالكريمة، حيث تأتي بنكهات متنوعة تشمل جوز الهند، الهيل ، الفستق، اللوتس، الطحينة، الطحينية، الورد، والكابتشينو الزعفران الفخامة والرفاهية في كل قطعة","محشي, فاخر, استراحه, فستق, ورد, هديه, بستاشيو, مناسبات, سكري , حفله, طحينة, لوتس, طحينية, جوزهند, بوكس, هدايا",2,"https://media.zid.store/271e65fe-c7de-48b5-93c9-a0748ba14b78/8ae235df-6703-4f2c-aca5-8b3fb93b5558.jpg
https://media.zid.store/271e65fe-c7de-48b5-93c9-a0748ba14b78/38ca2a30-ecd1-4ad0-a31a-57c505d6aa17.jpg",Box-sugary-stuffed-with-cream,yes,infinite-qty
61,simple,802000079,802000079,"بوكس سكري محشي لوز و شرائح اللوز","Sukkari Box Stuffed with Almonds & Almond Slices","التمور المحشية",45.00,,,800,g,"استمتع بالفخامة والطعم الرائع مع سكري فاخر محشي بحبات اللوز، شرائح اللوز وزن البوكس 800 جرام","محشي, فاخر, صقعي , فستق, هديه, مناسبات, مناسبه, سكري , لوز, بوكس",2,"https://media.zid.store/271e65fe-c7de-48b5-93c9-a0748ba14b78/9ce1e90b-23c5-4158-93b5-b2334a69074c.jpg
https://media.zid.store/271e65fe-c7de-48b5-93c9-a0748ba14b78/6dbb56a6-48ae-48b5-afa8-e05efa31c8bb.jpg",بوكس-سكري-محشي-لوز-و-شرائح-اللوز,yes,infinite-qty
62,simple,909000080,909000080,"بوكس خلاص مكبوس مع الصوص","Pressed Khalas Box with Sauce","التمور المحشية",25.00,,,,,"استمتع بمذاق التمر الطبيعي بأسلوب جديد ومميز تجربة فريدة تمنحك السهولة والراحة في تحضير وتناول التمر بكل لذة حيث يُقدم التمر المكبوس مع إضافة الصوص المميز وخانة للفصم وماء الغسيل","تمور, محشي, فاخر, خلاص , صوص, هديه, مناسبات, سكري , تمر, بوكس, هدايا",2,"https://media.zid.store/271e65fe-c7de-48b5-93c9-a0748ba14b78/06c5e4d1-4475-4179-81bb-5496fd6568bf.jpeg
https://media.zid.store/271e65fe-c7de-48b5-93c9-a0748ba14b78/9eafd303-ab14-4ff4-953f-0182ca87b9ec.jpeg",بوكس-خلاص-مكبوس-مع-الصوص,yes,infinite-qty
63,simple,909000081,909000081,"تمرية رطاب","Retab Tamriyah","التمور المحشية",40.00,,0,,,"بوكس تمرية طرية مزينة بحبات السمسم والاوريو و جوز الهند والبسكويت بمذاق فاخر وجودة عالية خيار مناسب للمناسبات والاهداء","محشي, تمر محشي, صوص, تمريه, حلى, طحينة, لوز, حلا",2,"https://media.zid.store/271e65fe-c7de-48b5-93c9-a0748ba14b78/e5739982-58c4-40ce-af0a-1f32737e3978.jpeg
https://media.zid.store/271e65fe-c7de-48b5-93c9-a0748ba14b78/83e36765-6c44-456f-b452-acf77070170f.jpeg",تمرية-رطاب,yes,
64,simple,03000082,03000082,"دبس رطاب","Retab Date Molasses","منتجات متنوعة",15.00,,,,,"دبس التمر من رطاب بمكونات طبيعية ١٠٠٪ استخدمه كبديل صحي وطبيعي للسكر في الحلويات والأطباق الخاصة بك، واستمتع بفوائد التمر ونكهته الرائعة","عسل, تمر, دبس",1,https://media.zid.store/271e65fe-c7de-48b5-93c9-a0748ba14b78/05ae4b6a-4183-4579-a6e2-4aadb9994656.jpeg,دبس-رطاب,yes,infinite-qty
65,simple,013000008,013000008,"زعفران رطاب ابو شال 5 جرام","Retab Abu Shal Saffron 5g","منتجات متنوعة",60.00,,,,,"زعفران رطاب يزين قهوتك من افضل انواع الزعفران الفاخر شبه خالي من الشيب ٥ جرام","نقيل, قهوة, ابوشال, قهوه, زعفران",1,https://media.zid.store/271e65fe-c7de-48b5-93c9-a0748ba14b78/cc8e461a-b0e2-428c-ba36-4509c1b53b5e.jpeg,زعفران-رطاب-ابو-شال-5-جرام,yes,infinite-qty
67,child,,Z.30547.15858419263310633,"سكري فاخر ١ كيلو - كرتون","Premium Sukkari 1kg - Carton",التمور,160.00,,,8,kg,"سكري القصيم فاخر تم تنقيته و فرزه و تصنيعه بعناية ليحوز على رضاكم ١ كيلو","فاخر, خلاص , رطاب , ملكي, ضميد ,  القصيم , مفتل , سكري , مكنوز, شقراء, اشيقر",1,https://media.zid.store/271e65fe-c7de-48b5-93c9-a0748ba14b78/24e7f6b4-f5d2-4d7b-9dd3-4a6c38df76e9.jpeg,سكري-فاخر-١-كيلو-كرتون,no,"draft, infinite-qty, no-smacc-sku"
68,child,,Z.30547.15858419263303922,"سكري فاخر ١ كيلو - حبة","Premium Sukkari 1kg - Single",التمور,20.00,,,1,kg,"سكري القصيم فاخر تم تنقيته و فرزه و تصنيعه بعناية ليحوز على رضاكم ١ كيلو","فاخر, خلاص , رطاب , ملكي, ضميد ,  القصيم , مفتل , سكري , مكنوز, شقراء, اشيقر",1,https://media.zid.store/271e65fe-c7de-48b5-93c9-a0748ba14b78/24e7f6b4-f5d2-4d7b-9dd3-4a6c38df76e9.jpeg,سكري-فاخر-١-كيلو-حبة,no,"draft, infinite-qty, no-smacc-sku"
69,simple,,Z.02000076,"سكري يدوي مجروش فاخر 1 كيلو","Premium Hand-Ground Sukkari 1kg",التمور,25.00,,0,,,"سكري فاخر مكبوس بالطريقة الشعبية اليدوية يتم اختيار التمور بعناية وجودة عالية لتصل لذائقتكم الوزن ١ كيلو","فاخر, ملكي, القصيم , مجروش , حبه كبير, مفتل , سكري , يدوي",1,https://media.zid.store/271e65fe-c7de-48b5-93c9-a0748ba14b78/17c974dd-b372-4624-ad7f-bca6e7b0a222.jpeg,سكري-يدوي-مجروش-فاخر-1-كيلو,yes,no-smacc-sku
70,simple,,8888,"قدوع رطاب سكري","Retab Sukkari Qadou","منتجات متنوعة",23.00,,,,,"بوكس قدوع يحتوي على تمر سكري مكبوس مع إضافة لذيذة من الطحينة والمكسرات جاهزة للتقديم بوكس أنيق مناسب للضيوف و خيار رائع للهدية","محشي, خلاص , صوص, رطاب , قدوع, هديه, مفتل , سكري , بوكس",2,"https://media.zid.store/271e65fe-c7de-48b5-93c9-a0748ba14b78/e4e64dba-4b28-442f-9fe3-beb06fa89947.jpeg
https://media.zid.store/271e65fe-c7de-48b5-93c9-a0748ba14b78/a4e89d57-27e0-4abf-bd97-2c804269f851.jpeg",قدوع-رطاب-سكري,yes,"infinite-qty, bad-sku"
71,simple,,9999,"قدوع رطاب خلاص","Retab Khalas Qadou","منتجات متنوعة",23.00,,,,,"بوكس قدوع يحتوي على تمر خلاص مكبوس مع إضافة لذيذة من الطحينة والمكسرات جاهزة للتقديم بوكس أنيق مناسب للضيوف و خيار رائع للهدية","محشي, خلاص , قدوع, سكري , طحينة, بوكس, هدايا",2,"https://media.zid.store/271e65fe-c7de-48b5-93c9-a0748ba14b78/e2cad0e0-a700-465f-b0f0-2e4f844d5a41.jpeg
https://media.zid.store/271e65fe-c7de-48b5-93c9-a0748ba14b78/334b09da-2f35-4ca8-aafc-e3fd18e4fa86.jpeg",قدوع-رطاب-خلاص,yes,"infinite-qty, bad-sku"
72,simple,,Z.17763241785709362,بقسماط,Rusk,الشوابير,3.00,,0,500,kg,"المميزات: قوام متوازن لنتيجة مقرمشة ولون ذهبي مناسب للقلي والخبز سهل الاستخدام ويمتزج مع التوابل خيار مثالي للوصفات المنزلية والاحترافية اختر الجودة والقرمشة في كل وجبة",,2,"https://media.zid.store/271e65fe-c7de-48b5-93c9-a0748ba14b78/a899142a-3786-4ef7-93e2-33ad86d1f80c.jpeg
https://media.zid.store/271e65fe-c7de-48b5-93c9-a0748ba14b78/18d0ad08-5828-4df3-bb25-aad022a692f8.jpeg",بقسماط,yes,no-smacc-sku
73,simple,,Z.17760660761625261,"شابورة بالبر","Wheat (Burr) Rusk",الشوابير,9.00,,,,kg,,,1,https://media.zid.store/271e65fe-c7de-48b5-93c9-a0748ba14b78/720b3fbb-99a8-40af-8ffe-e5a721db9f38.jpg,شابورة-بالبر,yes,"infinite-qty, no-smacc-sku"
74,simple,,Z.17760659601812398,"شابورة بالقمح","Wheat Rusk",الشوابير,9.00,,,,kg,,,1,https://media.zid.store/271e65fe-c7de-48b5-93c9-a0748ba14b78/6510703f-6c19-4b5a-be17-4d0be9fa0075.jpg,شابورة-بالقمح-1,yes,"infinite-qty, no-smacc-sku"
75,simple,,Z.17760657115302994,"شابورة بالقمح الكامل بر","Whole Wheat Rusk",الشوابير,11.50,,,,kg,,,1,https://media.zid.store/271e65fe-c7de-48b5-93c9-a0748ba14b78/41e24f44-2f3b-41ca-b697-6d94da12ec8c.jpg,شابورة-بالقمح-الكامل-بر,yes,"infinite-qty, no-smacc-sku"
76,simple,,Z.17760655747879527,"شابورة بالقمح","Wheat Rusk",الشوابير,11.50,,,,kg,,,1,https://media.zid.store/271e65fe-c7de-48b5-93c9-a0748ba14b78/307e482b-90a9-4328-99bc-e9d829e47392.jpg,شابورة-بالقمح,yes,"infinite-qty, no-smacc-sku"
77,simple,,Z.177606542260412,"شابورة بالحبوب و النخالة","Grains & Bran Rusk",الشوابير,11.50,,,,kg,,,1,https://media.zid.store/271e65fe-c7de-48b5-93c9-a0748ba14b78/107b67ff-4307-4ee7-b19e-9ef1c2b0aabd.jpg,شابورة-بالحبوب-و-النخالة,yes,"infinite-qty, no-smacc-sku"
78,simple,,Z.17760648887375407,"شابورة بالحبوب","Multigrain Rusk",الشوابير,11.50,,,,kg,,,1,https://media.zid.store/271e65fe-c7de-48b5-93c9-a0748ba14b78/bf5e9d1d-8367-4186-b242-32f54d11a843.jpg,شابورة-بالحبوب,yes,"infinite-qty, no-smacc-sku"
79,simple,,Z.1776001392967449,"شابورة أصل الرشاقة","Fitness Rusk",الشوابير,11.50,,,,kg,,,1,https://media.zid.store/271e65fe-c7de-48b5-93c9-a0748ba14b78/63f28a2c-9c11-495e-9a6f-1df55d3a2bc7.jpg,شابورة-أصل-الرشاقة-1,yes,"infinite-qty, no-smacc-sku"
80,simple,,Z.17639789042429848,"خلاص اشيقر درجة اولى 500جم","Khalas Ushaiger Grade 1 500g","هدايا المناسبات",240.00,,6,,kg,,,1,https://media.zid.store/271e65fe-c7de-48b5-93c9-a0748ba14b78/d9f03287-8359-4fb2-ad17-5d29eebcbfc3.png,خلاص-اشيقر-درجة-اولى-500جم,yes,no-smacc-sku
81,simple,,Z.1763978759820192,"خلاص اشيقر درجة اولى كيلو","Khalas Ushaiger Grade 1 1kg","هدايا المناسبات",280.00,,8,,kg,,,1,https://media.zid.store/271e65fe-c7de-48b5-93c9-a0748ba14b78/2e941964-0127-4a89-9fd7-a01b060fa9e3.png,خلاص-اشيقر-درجة-اولى-كيلو,yes,no-smacc-sku
82,simple,03000016,03000016,"شيشي درجة اولى نص كيلو","Grade 1 Shishi 500g",,11.50,,10,,kg,,,1,https://media.zid.store/271e65fe-c7de-48b5-93c9-a0748ba14b78/dda0cb31-148a-43c4-b4af-e56ff14f6f48.jpeg,شيشي-درجة-اولى-نص-كيلو,yes,
84,child,,Z.30547.5861285,"شيشي فاخر كيلو - كرتون","Premium Shishi 1kg - Carton",,161.00,,0,,kg,,,1,https://media.zid.store/271e65fe-c7de-48b5-93c9-a0748ba14b78/da8fc9cf-c334-41d8-81eb-50f5885847f2.jpg,ar-شيشي-فاخر-كيلو-كرتون,no,"draft, no-smacc-sku"
85,simple,01000068,01000068,"معجون خلاص","Khalas Paste",,11.50,,30,,kg,,,1,https://media.zid.store/271e65fe-c7de-48b5-93c9-a0748ba14b78/50b5be36-bc5d-4586-88dd-1cef413d820d.jpg,معجون-خلاص,yes,
87,child,,Z.30547.23028959,"منيفي فاخر 250جم - كرتون","Premium Munify 250g - Carton",,57.50,,7,3,kg,,,1,https://media.zid.store/271e65fe-c7de-48b5-93c9-a0748ba14b78/4825b605-0e6c-43c5-8d37-7b8bf08b3af1.jpeg,ar-منيفي-فاخر-250جم-كرتون,yes,no-smacc-sku
88,simple,07000075,07000075,"حنيني - سنبلة","Hanini - Sunbula",,0.00,,0,,kg,,,0,,حنيني-سنبلة,no,"draft, zero-price, no-image"
89,simple,103000105,103000105,"زبدة اللوز","Almond Butter",,0.00,,0,,kg,,,0,,زبدة-اللوز,no,"draft, zero-price, no-image"
90,simple,01000020,01000020,"خلاص ساجر ملكي","Royal Khalas Sajir",,0.00,,0,,kg,,,0,,خلاص-ساجر-ملكي,no,"draft, zero-price, no-image"
92,child,,Z.30547.1824229999999702383,"خلاص ساجر درجة اولى كيلو - حبه","Khalas Sajir Grade 1 1kg - Single",,24.00,,160,,kg,,,1,https://media.zid.store/271e65fe-c7de-48b5-93c9-a0748ba14b78/0cb4c775-1911-495e-b01a-15bdb3a55b82.jpg,ar-خلاص-ساجر-درجة-اولى-كيلو-حبه,yes,no-smacc-sku
93,child,,Z.30547.1824220000000298105,"خلاص ساجر درجة اولى كيلو - كرتون","Khalas Sajir Grade 1 1kg - Carton",,184.00,,17,,kg,,,1,https://media.zid.store/271e65fe-c7de-48b5-93c9-a0748ba14b78/0cb4c775-1911-495e-b01a-15bdb3a55b82.jpg,ar-خلاص-ساجر-درجة-اولى-كيلو-كرتون,yes,no-smacc-sku
95,child,,Z.30547.1427479999999702615,"سكري درجة اولى 500جم - حبه","Grade 1 Sukkari 500g - Single",,11.50,,144,,kg,,,1,https://media.zid.store/271e65fe-c7de-48b5-93c9-a0748ba14b78/516d9b49-9af2-43d5-9d2d-69415751c3bc.jpg,ar-سكري-درجة-اولى-500جم-حبه,yes,no-smacc-sku
96,child,,Z.30547.15481827,"سكري درجة اولى 500جم - كرتون","Grade 1 Sukkari 500g - Carton",,138.00,,12,,kg,,,1,https://media.zid.store/271e65fe-c7de-48b5-93c9-a0748ba14b78/516d9b49-9af2-43d5-9d2d-69415751c3bc.jpg,ar-سكري-درجة-اولى-500جم-كرتون,yes,no-smacc-sku
97,simple,03000001,03000001,"صقعي درجة اولى","Grade 1 Sagai",,0.00,,0,,kg,,,0,,صقعي-درجة-اولى,no,"draft, zero-price, no-image"
98,simple,103000052,103000052,"صقعي فاخر","Premium Sagai",,0.00,,0,,kg,,,0,,صقعي-فاخر,no,"draft, zero-price, no-image"
100,child,,Z.30547.466110000000149574,"خلاص اشيقر درجة اولى باللوز 250جم - حبه","Khalas Ushaiger Grade 1 with Almonds 250g - Single","منتجات متنوعة",11.50,,66,,kg,,,1,https://media.zid.store/271e65fe-c7de-48b5-93c9-a0748ba14b78/0e403e4d-9902-4f23-9d8a-daec5a8b40db.jpg,ar-خلاص-اشيقر-درجة-اولى-باللوز-250جم-حبه,yes,no-smacc-sku
101,child,,Z.30547.7850332,"خلاص اشيقر درجة اولى باللوز 250جم - كرتون","Khalas Ushaiger Grade 1 with Almonds 250g - Carton","منتجات متنوعة",138.00,,6,,kg,,,1,https://media.zid.store/271e65fe-c7de-48b5-93c9-a0748ba14b78/0e403e4d-9902-4f23-9d8a-daec5a8b40db.jpg,ar-خلاص-اشيقر-درجة-اولى-باللوز-250جم-كرتون,yes,no-smacc-sku
102,simple,,Z.30547.17267659981142333,"بوكس سكري فاخر","Premium Sukkari Box",البوكسات,50.00,,,,kg,"بوكس سكري فاخر يزن ١ كيلو تقريبا مناسب للاهداء و التقديم",,2,"https://media.zid.store/271e65fe-c7de-48b5-93c9-a0748ba14b78/0b9dae6e-2bbf-4ef7-81fe-065c03633221.jpg
https://media.zid.store/271e65fe-c7de-48b5-93c9-a0748ba14b78/38d36644-efe3-4799-83f4-ff9028c5eb38.jpg",بوكس-سكري-فاخر-1,yes,"infinite-qty, no-smacc-sku"
103,simple,,Z.30547.1726765158653575,"بوكس عجوة المدينة","Ajwa Madinah Box",البوكسات,70.00,,0,1,kg,"بوكس عجوة المدينة يزن ١ كيلو تقريبا مناسب للاهداء و التقديم",,2,"https://media.zid.store/271e65fe-c7de-48b5-93c9-a0748ba14b78/6b422d53-a130-4f84-927a-ad2641aa0c7d.jpg
https://media.zid.store/271e65fe-c7de-48b5-93c9-a0748ba14b78/a5c1377d-d156-45f6-90bb-4a9410118b95.jpg",بوكس-عجوة-المدينة,yes,no-smacc-sku
104,simple,,Z.30547.17178583063050144,خلاص,"Khalas Dates",,175.65,,0,,kg,,,0,,خلاص,no,"draft, check-price, no-smacc-sku, no-image, check-name"
